Feature,Importance
age,0.15411521024814612
thalach,0.14519294287323312
oldpeak,0.1343919248455901
chol,0.132839263888181
trestbps,0.1323683682354212
ca,0.05518634394914264
cp,0.04756920829905183
restecg,0.04590621598829247
slope,0.03982964981648805
thal,0.039077866633996906
sex,0.026604755700433202
fbs,0.02536734977022572
exang,0.021550899751797647
